satellite,raan_deg,tle1,tle2,plane_id
TIANQI-24,124.9053,1 57792U 23135A   25282.99320537 -.00000060  00000-0  43886-4 0  9991,2 57792  49.9695 124.9053 0013617 103.2022 257.0410 14.22937479109003,1
TIANQI-21,124.9669,1 57793U 23135B   25283.04736453  .00000101  00000-0  11498-3 0  9995,2 57793  49.9657 124.9669 0013746 106.1229 254.1197 14.22943192109008,1
TIANQI-23,125.0537,1 57794U 23135C   25283.01192360  .00000177  00000-0  14835-3 0  9997,2 57794  49.9705 125.0537 0014216 105.7978 254.4502 14.22948007109001,1
TIANQI-22,125.2056,1 57795U 23135D   25283.03014595  .00000396  00000-0  24478-3 0  9990,2 57795  49.9709 125.2056 0014181 106.9994 253.2473 14.22952834109003,1
