plane_id,plane_center_raan_deg
0,60.63754057429712
1,125.03287496447909
2,171.98109940258212
3,294.0320998397393
4,353.83383333774674
5,354.0623
